product_id,product_name,category,sub_category,price,cost,brand,stock_quantity,supplier_id
PROD0001,Pm However,Beauty,Thousand,676.71,54.37,King-Gray,215,SUPP086
PROD0002,Spring Reveal,Electronics,Movement,675.27,131.0,Jordan Ltd,451,SUPP028
PROD0003,Sign Agent,Beauty,Table,768.81,68.89,"Beck, Hoffman and Harris",232,SUPP018
PROD0004,Which Campaign,Home & Kitchen,Green,972.59,942.53,Carter PLC,350,SUPP008
PROD0005,Air Particular,Beauty,Various,948.88,72.57,Espinoza Group,375,SUPP034
PROD0006,Different Including,Sports,Arrive,313.32,302.11,Ross-Hart,272,SUPP017
PROD0007,Along Natural,Clothing,Nature,890.49,546.25,Villanueva-Mcpherson,196,SUPP024
PROD0008,Short Investment,Home & Kitchen,Certain,256.81,13.17,Kim-Ball,413,SUPP021
PROD0009,Reality Finish,Beauty,Age,612.95,500.52,Sanders-Carson,500,SUPP080
PROD0010,Green Life,Electronics,Right,692.44,141.94,Adams-Fields,408,SUPP009
PROD0011,Hold Research,Clothing,Manage,832.8,170.09,Young-Monroe,328,SUPP059
PROD0012,Another Right,Books,You,669.95,21.47,"Mccann, Banks and Cook",389,SUPP051
PROD0013,Of Short,Books,Ever,905.45,59.31,"Adkins, Wheeler and Smith",153,SUPP087
PROD0014,Team Material,Electronics,Century,614.87,255.56,Pruitt-Campbell,424,SUPP094
PROD0015,Movie Up,Clothing,Major,227.2,156.29,Garner Ltd,181,SUPP067
PROD0016,Hundred History,Home & Kitchen,Shoulder,504.87,32.88,"Lee, Lawrence and Wilson",192,SUPP071
PROD0017,After Important,Electronics,Machine,57.53,32.18,"Austin, Cruz and Caldwell",477,SUPP079
PROD0018,Quite Agreement,Sports,Under,570.66,6.16,"Smith, Ochoa and Cox",341,SUPP057
PROD0019,One Protect,Home & Kitchen,Can,696.58,314.57,Benitez-Patel,170,SUPP022
PROD0020,Start Front,Sports,Force,759.91,142.93,Tucker-Frazier,484,SUPP096
PROD0021,Look Kid,Electronics,Board,208.72,62.75,"Hill, Edwards and Moore",437,SUPP087
PROD0022,Increase Into,Sports,Ready,581.16,320.93,"Hopkins, Tate and Perry",252,SUPP065
PROD0023,Test Various,Clothing,Painting,375.5,127.44,Woodard-Hoffman,117,SUPP075
PROD0024,Window Environment,Home & Kitchen,Yourself,500.52,21.61,King and Sons,23,SUPP044
PROD0025,I Who,Beauty,Note,440.33,167.88,"Thompson, Kirk and Malone",275,SUPP049
PROD0026,Year Fill,Clothing,Training,170.2,126.71,Horn LLC,180,SUPP050
PROD0027,Pretty Hotel,Clothing,Free,762.77,89.76,Cox LLC,154,SUPP047
PROD0028,Evening Type,Sports,Fact,442.45,123.93,Villarreal-Goodwin,26,SUPP038
PROD0029,Top Control,Books,General,214.16,162.14,Russo Ltd,47,SUPP029
PROD0030,Peace Leave,Home & Kitchen,Plant,694.89,585.34,"Gaines, Cline and Munoz",83,SUPP054
PROD0031,Main Issue,Books,Structure,968.16,781.56,"Moore, Jones and Murphy",366,SUPP010
PROD0032,Major Practice,Sports,Less,818.7,649.52,"Quinn, Schwartz and Harris",491,SUPP021
PROD0033,General Oil,Home & Kitchen,Bit,35.01,11.2,Prince-Jones,100,SUPP075
PROD0034,Report Least,Electronics,Product,636.05,581.76,Heath-Graham,79,SUPP068
PROD0035,Well Theory,Clothing,Hope,965.08,673.23,"Jones, Park and Lopez",253,SUPP031
PROD0036,Travel Get,Sports,Others,647.29,236.06,Padilla Group,355,SUPP047
PROD0037,Rather Strategy,Electronics,Economic,875.76,388.84,Wilson-Tate,312,SUPP036
PROD0038,Practice Always,Home & Kitchen,Time,961.65,111.0,Bridges-Miller,299,SUPP035
PROD0039,Adult Debate,Sports,Trip,642.74,300.87,Curry-Mooney,354,SUPP053
PROD0040,Thought Series,Electronics,Interview,688.9,366.96,Brown-Fischer,420,SUPP091
PROD0041,Mention Free,Electronics,Rate,756.23,112.56,Rhodes Group,134,SUPP076
PROD0042,Should Student,Clothing,Indicate,868.46,843.64,Stewart Ltd,192,SUPP052
PROD0043,You East,Home & Kitchen,Great,680.55,407.37,Rogers and Sons,134,SUPP040
PROD0044,Wait Still,Home & Kitchen,Central,727.79,69.64,Reyes-Espinoza,253,SUPP077
PROD0045,Against Worry,Clothing,Face,48.51,36.55,Castillo Inc,221,SUPP077
PROD0046,Step Plant,Electronics,Campaign,76.91,45.15,"Jones, Moyer and Curtis",383,SUPP090
PROD0047,Father Dark,Clothing,Director,344.57,322.54,Williams Ltd,339,SUPP058
PROD0048,Perform Out,Books,Theory,773.64,174.0,Klein PLC,56,SUPP054
PROD0049,Ability Candidate,Electronics,Camera,647.37,203.92,George-Zavala,36,SUPP006
PROD0050,Page Run,Books,Least,95.81,58.91,"Grimes, Sosa and James",193,SUPP024
PROD0051,Environment Bit,Clothing,Hear,575.22,466.62,Gomez LLC,160,SUPP095
PROD0052,National Enter,Electronics,Enjoy,527.52,170.17,Vega-Logan,479,SUPP003
PROD0053,Reflect Role,Home & Kitchen,Why,543.81,182.83,"Stevens, Bird and Santos",412,SUPP074
PROD0054,Would Science,Home & Kitchen,Cover,758.71,648.65,Simon Ltd,151,SUPP088
PROD0055,Become Economy,Clothing,Sometimes,334.48,97.63,"Boyer, Powers and Greene",56,SUPP058
PROD0056,Enter Even,Electronics,Future,313.61,201.97,Banks-Ingram,42,SUPP003
PROD0057,Entire Science,Beauty,This,988.43,709.72,"Fisher, Herrera and Hines",31,SUPP033
PROD0058,Security Since,Electronics,Police,589.41,89.66,"Williams, Contreras and Davis",221,SUPP059
PROD0059,Season Their,Electronics,Little,565.34,392.4,Johnson-Bennett,198,SUPP066
PROD0060,Line Medical,Sports,Race,661.12,295.43,Daniels Inc,32,SUPP002
PROD0061,Light Letter,Books,Form,38.73,32.42,Patrick Inc,37,SUPP090
PROD0062,Really Population,Books,Condition,745.22,430.65,Munoz Ltd,352,SUPP042
PROD0063,Speak His,Sports,Everyone,833.99,87.98,Wood PLC,32,SUPP041
PROD0064,Building Life,Clothing,Issue,799.27,786.23,Wilson-Robbins,210,SUPP059
PROD0065,Table Color,Clothing,Star,70.99,50.79,Dorsey PLC,370,SUPP067
PROD0066,Share Hand,Clothing,Director,941.11,112.98,Martinez-Mays,77,SUPP076
PROD0067,Popular Total,Home & Kitchen,Last,935.05,787.34,"Jimenez, Edwards and Williams",157,SUPP025
PROD0068,Religious Mouth,Sports,Prove,985.71,368.55,Ponce and Sons,318,SUPP017
PROD0069,Hard Person,Clothing,Charge,484.72,176.18,Macias LLC,368,SUPP006
PROD0070,Not Item,Electronics,Letter,205.06,140.25,Ramirez LLC,32,SUPP084
PROD0071,Food Voice,Sports,Consumer,701.14,15.16,Miller PLC,148,SUPP039
PROD0072,Guy Term,Books,Report,725.32,509.54,"Brown, Davis and Pierce",249,SUPP046
PROD0073,City Quickly,Clothing,Again,122.34,6.16,"Bass, Weaver and Alvarez",500,SUPP016
PROD0074,Effort Example,Beauty,Market,53.77,12.88,Fischer Inc,372,SUPP085
PROD0075,Party Recently,Electronics,Certainly,810.96,219.33,Mora Ltd,140,SUPP070
PROD0076,Ten These,Beauty,Network,513.0,408.01,Miles Inc,151,SUPP069
PROD0077,Space Risk,Beauty,Side,340.45,127.6,Clark-Alvarado,50,SUPP095
PROD0078,Street Fall,Electronics,Day,548.69,424.42,"Ortiz, Powers and Rodriguez",280,SUPP024
PROD0079,Condition Century,Books,Kid,778.86,396.02,Mitchell Group,336,SUPP017
PROD0080,Full My,Electronics,Few,387.78,105.32,Ross-Wilson,217,SUPP088
PROD0081,Window Debate,Books,Water,90.62,14.22,Johnson LLC,34,SUPP030
PROD0082,Test Action,Electronics,Hear,483.35,157.05,"Mason, Foster and Rogers",135,SUPP048
PROD0083,Test No,Home & Kitchen,College,161.44,63.55,"Acosta, Vang and Gonzalez",164,SUPP005
PROD0084,Clear Memory,Electronics,Structure,566.55,331.8,Alvarado PLC,152,SUPP071
PROD0085,Kind Mouth,Books,Couple,223.01,14.69,Frye-Scott,20,SUPP038
PROD0086,New Deal,Beauty,Term,985.11,839.37,Larsen-Johnston,21,SUPP047
PROD0087,Imagine Else,Clothing,Know,590.32,146.76,Henderson-Willis,364,SUPP077
PROD0088,Mission Point,Home & Kitchen,Suffer,468.3,434.83,"Miller, Lowe and Lester",416,SUPP080
PROD0089,Late Agent,Electronics,Reality,825.83,82.46,Guzman-Roberts,385,SUPP072
PROD0090,What Five,Electronics,Conference,118.13,92.57,"White, Reed and Simmons",254,SUPP013
PROD0091,Site Enjoy,Home & Kitchen,Employee,522.05,492.75,"Rodriguez, Johnson and Santiago",66,SUPP021
PROD0092,Write Range,Books,Generation,671.33,397.85,Jones-Stout,483,SUPP058
PROD0093,Herself Which,Books,Place,402.61,259.22,Jackson-Wheeler,306,SUPP096
PROD0094,Anyone Order,Clothing,Really,802.82,66.17,Perez-Wilson,329,SUPP040
PROD0095,Visit Chance,Clothing,Available,455.9,404.98,Sparks-Nicholson,26,SUPP072
PROD0096,Product National,Books,Economy,582.62,403.6,"Jones, Thompson and Jones",43,SUPP016
PROD0097,Institution Reflect,Books,War,242.67,117.46,"Valdez, Smith and Henry",223,SUPP055
PROD0098,Cell Force,Books,Evidence,682.61,441.54,Thomas-Knox,378,SUPP044
PROD0099,Bank Situation,Electronics,These,328.23,287.37,Carroll-Park,201,SUPP090
PROD0100,Federal Arrive,Electronics,Good,662.62,345.95,"Delgado, Lewis and Peterson",216,SUPP041
PROD0101,Per Though,Sports,Prevent,142.54,7.95,"Porter, Johnson and Neal",252,SUPP069
PROD0102,Several Decade,Electronics,Six,26.35,13.26,Roberts-Walker,284,SUPP037
PROD0103,Machine Push,Home & Kitchen,Show,505.34,484.19,Lyons-Wright,110,SUPP098
PROD0104,Population Join,Books,Police,253.34,103.16,Wilson-Hall,289,SUPP048
PROD0105,Thank Identify,Clothing,Worker,34.2,6.14,Miranda LLC,386,SUPP098
PROD0106,Rise Reduce,Electronics,Happen,859.02,625.64,Jackson Ltd,316,SUPP031
PROD0107,Child Feel,Sports,Beat,712.19,94.95,"Johnson, Johnson and Cervantes",349,SUPP089
PROD0108,Agent Watch,Books,Account,282.36,119.5,Rodriguez-George,340,SUPP082
PROD0109,Eye Friend,Electronics,Perhaps,290.55,135.94,Meyers Ltd,337,SUPP087
PROD0110,Free Condition,Clothing,Year,68.31,54.45,Rogers Inc,370,SUPP024
PROD0111,Hit This,Sports,Guy,369.53,304.45,Lopez-Perez,172,SUPP061
PROD0112,Full Daughter,Home & Kitchen,Financial,370.36,35.14,"Espinoza, Norton and Robinson",375,SUPP096
PROD0113,Bit Simply,Books,Social,284.22,77.85,Harmon-Sherman,311,SUPP045
PROD0114,Likely Wonder,Clothing,Treatment,932.18,93.86,Williams-Brock,300,SUPP008
PROD0115,Place Eight,Clothing,Practice,941.17,274.17,Gallagher-Bailey,376,SUPP043
PROD0116,Article Throughout,Home & Kitchen,Knowledge,726.92,679.93,Scott-Robinson,275,SUPP020
PROD0117,You Professor,Home & Kitchen,Maintain,903.74,486.74,"Jackson, Hernandez and Barr",189,SUPP088
PROD0118,Decide Give,Sports,Of,443.64,242.62,"Mitchell, Carr and Carr",47,SUPP058
PROD0119,Sort Teacher,Beauty,Suddenly,218.94,145.53,Lee-Jones,396,SUPP031
PROD0120,Hair Prevent,Sports,Care,606.75,11.75,"Bailey, Young and Brown",311,SUPP034
PROD0121,Begin Nice,Books,Hot,839.65,56.67,"Rodriguez, Grant and Robinson",207,SUPP037
PROD0122,Suddenly Could,Books,Watch,264.71,33.91,Davis Group,476,SUPP100
PROD0123,That Officer,Beauty,Administration,918.93,167.6,Jones-Sims,49,SUPP018
PROD0124,Down Nation,Books,Professor,829.79,444.36,Moore-Phillips,329,SUPP083
PROD0125,Local Place,Beauty,Expect,651.06,298.49,Tate-King,99,SUPP091
PROD0126,Pattern Low,Books,A,344.2,255.6,Sanders-Olson,438,SUPP003
PROD0127,Common Never,Home & Kitchen,Mrs,272.46,72.86,Moore-Thomas,373,SUPP072
PROD0128,Difference Quality,Home & Kitchen,Travel,412.11,69.67,"Duke, Graham and Woods",55,SUPP099
PROD0129,By Program,Clothing,Weight,999.47,941.43,"Garner, Campbell and Ellis",253,SUPP030
PROD0130,Property Outside,Books,Receive,747.39,702.41,Bishop-Rodriguez,298,SUPP006
PROD0131,Positive Field,Clothing,Let,148.84,60.48,Stephens PLC,198,SUPP080
PROD0132,Resource Again,Sports,Who,881.5,93.91,Moody PLC,440,SUPP050
PROD0133,Western Among,Home & Kitchen,Hear,13.83,12.09,"Rivera, Hardin and Freeman",293,SUPP045
PROD0134,Marriage Star,Books,Present,164.37,43.0,Wood PLC,470,SUPP045
PROD0135,Who Air,Sports,Share,929.4,559.06,Mason-Roth,27,SUPP092
PROD0136,Win Effort,Home & Kitchen,Happen,930.82,257.69,Turner PLC,330,SUPP039
PROD0137,Ground Industry,Electronics,Position,11.72,6.48,Jordan-Smith,190,SUPP093
PROD0138,Piece Site,Home & Kitchen,Charge,72.1,33.55,Riddle Inc,134,SUPP051
PROD0139,Anything Reach,Sports,Always,472.1,224.39,"Young, Payne and Floyd",338,SUPP090
PROD0140,My Skill,Beauty,Think,376.43,289.06,Little-Ellis,10,SUPP100
PROD0141,National Three,Beauty,Call,98.84,25.79,Fisher PLC,483,SUPP029
PROD0142,Myself Evidence,Electronics,Capital,474.28,429.19,Jefferson-Callahan,308,SUPP077
PROD0143,Establish West,Clothing,Tough,975.73,509.93,Matthews-Smith,122,SUPP056
PROD0144,Space Race,Home & Kitchen,Bed,200.83,60.86,Ross-Spears,219,SUPP034
PROD0145,Song Loss,Home & Kitchen,Dark,196.61,44.41,Webb Group,80,SUPP088
PROD0146,Despite Range,Electronics,Start,704.7,314.25,"Rasmussen, Evans and Caldwell",97,SUPP063
PROD0147,Best Hold,Books,Reach,23.44,17.99,Bennett Inc,247,SUPP061
PROD0148,Pull None,Clothing,Mrs,229.42,106.57,"Strickland, Lewis and Brown",80,SUPP087
PROD0149,Bed Themselves,Home & Kitchen,Example,723.11,351.93,Holden-Leach,403,SUPP074
PROD0150,Pass Break,Beauty,Sort,205.02,44.86,Harris PLC,248,SUPP019
PROD0151,Less Design,Beauty,Support,657.14,533.12,Shepard Group,66,SUPP022
PROD0152,Participant Sense,Electronics,Plant,218.83,25.42,Morton and Sons,200,SUPP058
PROD0153,Up Leg,Books,Low,399.91,304.59,Matthews-Burton,222,SUPP083
PROD0154,Create Such,Clothing,Federal,289.31,215.35,"Sanchez, Miles and Butler",203,SUPP060
PROD0155,Indicate Especially,Clothing,Trial,308.5,259.51,Thomas LLC,397,SUPP045
PROD0156,Party Keep,Sports,Design,111.61,21.03,"Johnson, Moran and Pena",152,SUPP048
PROD0157,Study Politics,Books,Hotel,756.1,745.12,Velazquez Ltd,414,SUPP096
PROD0158,Simply Then,Home & Kitchen,Information,733.35,587.95,Dalton-Case,343,SUPP057
PROD0159,Man Research,Beauty,Past,755.69,414.8,Sanchez-Conley,66,SUPP090
PROD0160,Not North,Home & Kitchen,Must,988.58,722.5,"Williams, Newton and Green",297,SUPP061
PROD0161,Such Offer,Home & Kitchen,President,462.24,15.11,Webb Ltd,372,SUPP004
PROD0162,Check Health,Books,Carry,232.83,178.3,Boyd LLC,286,SUPP003
PROD0163,Attack Serious,Clothing,Show,49.58,35.29,Moore Inc,53,SUPP002
PROD0164,Author Could,Clothing,Foreign,518.71,261.75,Moore-Sullivan,285,SUPP083
PROD0165,Degree Open,Sports,Keep,41.35,21.96,Reed Group,49,SUPP043
PROD0166,Trade Where,Electronics,Card,438.69,258.46,"Lewis, Little and Myers",397,SUPP047
PROD0167,Performance Worry,Sports,Run,119.28,49.88,Reese LLC,253,SUPP065
PROD0168,Administration Whole,Books,Prove,426.12,204.23,Gardner-Newton,144,SUPP057
PROD0169,Business Again,Clothing,Likely,687.49,554.69,Landry-Sullivan,256,SUPP065
PROD0170,Same New,Clothing,Grow,195.7,140.84,Carey and Sons,180,SUPP035
PROD0171,Training Mention,Clothing,Occur,232.02,93.94,Perez-Johnson,288,SUPP007
PROD0172,Marriage Conference,Home & Kitchen,How,102.62,98.79,"Wolfe, Chase and Wilson",121,SUPP086
PROD0173,Couple East,Electronics,Pass,863.3,769.07,Cook-Palmer,22,SUPP087
PROD0174,Career Care,Beauty,Like,468.0,33.66,Torres-Robinson,62,SUPP066
PROD0175,Realize Become,Sports,Behavior,483.24,57.72,Mcdaniel PLC,456,SUPP009
PROD0176,Sense Suffer,Electronics,Dark,204.99,190.04,Banks-Arnold,175,SUPP037
PROD0177,Executive Now,Clothing,Also,852.02,303.39,Friedman and Sons,136,SUPP028
PROD0178,Concern Political,Beauty,Network,70.42,68.5,Branch-Buckley,428,SUPP080
PROD0179,Church Certainly,Clothing,Government,334.63,311.74,"Swanson, Shields and Nelson",474,SUPP093
PROD0180,Important Expect,Sports,Region,775.03,535.09,Smith PLC,166,SUPP068
PROD0181,Stand Check,Sports,Prevent,632.59,396.65,Roberson Ltd,300,SUPP040
PROD0182,Argue Century,Home & Kitchen,Anything,230.58,214.75,Cooper-Salazar,417,SUPP051
PROD0183,Second Second,Clothing,Hit,353.58,42.68,"Bennett, Clayton and Reynolds",21,SUPP063
PROD0184,Ask Fact,Beauty,Institution,206.98,135.04,"Meza, Murillo and Foster",286,SUPP037
PROD0185,According Feeling,Home & Kitchen,Power,887.64,307.75,Preston-Saunders,222,SUPP015
PROD0186,Avoid Evidence,Electronics,Part,620.38,45.24,"Neal, Bell and Gordon",113,SUPP016
PROD0187,Right Amount,Clothing,Star,664.64,533.87,Cruz Inc,326,SUPP073
PROD0188,Weight Like,Sports,Political,346.51,216.36,Hunt Ltd,81,SUPP044
PROD0189,Once Produce,Electronics,Force,743.08,264.55,Hale Inc,461,SUPP001
PROD0190,Hotel Look,Books,Former,958.58,159.62,Lopez-Nielsen,467,SUPP054
PROD0191,Century Discuss,Sports,Attention,968.06,763.72,Anderson PLC,224,SUPP044
PROD0192,Establish Clear,Sports,Sound,458.04,8.78,Black Group,400,SUPP037
PROD0193,Fish Represent,Home & Kitchen,Mission,539.36,296.33,Dyer-Lopez,260,SUPP031
PROD0194,From Tough,Beauty,Tv,310.28,22.58,"Riley, Sims and Hall",64,SUPP028
PROD0195,Remain Likely,Beauty,Central,31.26,17.25,Boyd Group,173,SUPP084
PROD0196,Whatever Religious,Clothing,Thus,865.4,262.59,Stone LLC,394,SUPP100
PROD0197,Recent Reality,Sports,And,788.47,644.2,Villegas LLC,237,SUPP092
PROD0198,Recognize Speak,Clothing,Money,474.07,106.09,Graham-Johnson,107,SUPP030
PROD0199,Need Project,Home & Kitchen,Skin,179.46,109.09,Stewart-Michael,278,SUPP083
PROD0200,Past Arrive,Home & Kitchen,Citizen,343.95,166.61,Velez-Johnson,246,SUPP098
PROD0201,Drop Unit,Sports,Argue,289.28,72.6,"Ingram, Sanders and Thomas",189,SUPP074
PROD0202,Bit Seem,Sports,Without,994.96,891.2,Wilson-Horne,265,SUPP004
PROD0203,Point Information,Sports,Pick,175.72,163.57,Scott-Carroll,321,SUPP025
PROD0204,Pressure Floor,Clothing,Energy,403.14,368.51,"Garner, Johnson and Price",122,SUPP081
PROD0205,Fast Plant,Sports,Hand,532.49,343.01,Lopez-Santana,200,SUPP015
PROD0206,Beyond About,Beauty,Responsibility,108.86,62.73,Quinn-Jones,16,SUPP048
PROD0207,Space Style,Home & Kitchen,Free,714.14,519.88,Allen-Williams,429,SUPP023
PROD0208,Light Fine,Home & Kitchen,Show,956.04,945.14,"Brown, Haynes and Jones",249,SUPP027
PROD0209,Interesting Commercial,Electronics,Appear,241.69,150.25,Flores-Gonzalez,85,SUPP012
PROD0210,Education Form,Home & Kitchen,Nation,743.11,196.56,"Watts, Tate and Bernard",454,SUPP010
PROD0211,Particularly Pretty,Home & Kitchen,Build,324.96,151.42,"Mahoney, Harrington and Morgan",248,SUPP068
PROD0212,Network Coach,Clothing,Story,869.86,517.39,Thompson and Sons,202,SUPP089
PROD0213,Religious Mission,Beauty,South,375.89,304.62,"Clark, Gonzalez and Baker",51,SUPP059
PROD0214,Property Among,Electronics,Full,526.99,271.16,Richard-Clark,417,SUPP076
PROD0215,Similar Heart,Beauty,Than,602.14,492.23,"Roberts, Watts and Morgan",188,SUPP076
PROD0216,Someone Child,Beauty,Home,132.87,6.19,Klein Group,112,SUPP011
PROD0217,Expect Nor,Books,First,180.1,125.9,"Gonzalez, Walker and Merritt",421,SUPP096
PROD0218,No Pull,Clothing,Manager,857.14,385.38,"Peterson, Brown and Matthews",426,SUPP021
PROD0219,Away Network,Home & Kitchen,Lay,331.35,67.76,"Diaz, Miller and Adams",84,SUPP084
PROD0220,Common Special,Electronics,Sound,362.33,87.19,"Taylor, Wade and Arnold",177,SUPP021
PROD0221,Act Myself,Electronics,Claim,497.78,446.35,"Reid, Williams and Mcdowell",54,SUPP009
PROD0222,Professional Character,Sports,Determine,620.13,375.12,"Rhodes, Kent and Campbell",171,SUPP093
PROD0223,Family Focus,Beauty,Certain,757.35,198.65,Smith-Bell,291,SUPP038
PROD0224,Quickly First,Home & Kitchen,Home,848.09,844.06,"Wolfe, Jones and Trevino",231,SUPP024
PROD0225,Military Reality,Beauty,Word,724.11,265.56,Christensen-Hernandez,210,SUPP091
PROD0226,Would Alone,Electronics,Evening,949.27,248.64,"Garner, Rodriguez and Dalton",459,SUPP009
PROD0227,Easy Occur,Electronics,Audience,291.84,287.84,"Welch, Lewis and Johnson",94,SUPP010
PROD0228,Above Call,Beauty,Arrive,119.3,22.74,Cunningham LLC,230,SUPP049
PROD0229,Wonder Care,Sports,Ahead,155.75,56.73,Perkins-Davis,213,SUPP079
PROD0230,Often Group,Beauty,Large,549.41,381.77,"Carr, Owens and Baxter",30,SUPP016
PROD0231,About Yet,Clothing,Bad,450.47,10.56,"English, King and Hess",460,SUPP095
PROD0232,Southern Argue,Clothing,Firm,996.07,805.41,Crawford-Beltran,264,SUPP027
PROD0233,Human Society,Sports,Space,182.18,74.24,Proctor-Walters,205,SUPP049
PROD0234,Issue For,Electronics,Book,969.77,130.12,Stewart-Goodman,86,SUPP028
PROD0235,Director Player,Electronics,Although,987.89,122.88,Buchanan-Krueger,79,SUPP009
PROD0236,Between Situation,Beauty,Hand,394.5,102.9,Turner-Simmons,475,SUPP019
PROD0237,Work Fact,Clothing,Television,370.55,284.58,"Alvarez, Kent and Clayton",498,SUPP015
PROD0238,Hand Election,Books,Support,602.54,524.41,Simmons LLC,498,SUPP020
PROD0239,Left Student,Books,Election,943.51,701.96,Gonzalez-Fleming,374,SUPP016
PROD0240,Big Beat,Books,Strategy,254.16,164.67,"Avila, Vazquez and Bryan",482,SUPP077
PROD0241,Radio Effect,Sports,Positive,781.5,332.93,Allen and Sons,239,SUPP099
PROD0242,Executive Hear,Electronics,For,292.65,44.73,Davis and Sons,477,SUPP005
PROD0243,Must Woman,Home & Kitchen,Nice,344.63,238.59,"Molina, Curtis and Jackson",463,SUPP021
PROD0244,Family Bag,Clothing,Listen,26.78,21.58,"Fox, Medina and Hicks",74,SUPP057
PROD0245,Teacher Information,Home & Kitchen,Six,936.63,221.59,Williams-Hughes,417,SUPP053
PROD0246,Prove Event,Electronics,Present,72.76,25.0,Mcmillan-Alvarez,264,SUPP068
PROD0247,Individual Media,Electronics,Adult,897.59,407.97,Davis PLC,467,SUPP094
PROD0248,Area Our,Electronics,Win,45.98,23.06,Mcintyre PLC,450,SUPP088
PROD0249,Behind Turn,Home & Kitchen,Community,309.83,208.88,"Brown, Hardy and Christian",350,SUPP039
PROD0250,Receive That,Beauty,Cup,438.96,212.75,Hampton-Hill,378,SUPP048
PROD0251,Do Land,Home & Kitchen,Everything,349.16,240.53,Carter LLC,432,SUPP099
PROD0252,Learn Recently,Electronics,Power,411.68,338.66,Murphy Inc,17,SUPP043
PROD0253,Wife Show,Books,Themselves,920.19,555.52,Cross Inc,442,SUPP013
PROD0254,Season Act,Clothing,Case,348.63,306.66,Pratt-Rodriguez,278,SUPP021
PROD0255,Theory Watch,Home & Kitchen,On,378.77,115.09,"Brooks, Kaufman and Bentley",175,SUPP032
PROD0256,Fear Understand,Books,Write,991.36,89.88,Glenn-Wise,84,SUPP014
PROD0257,Fact Produce,Electronics,Southern,464.82,343.46,Oneal LLC,65,SUPP006
PROD0258,Worker Plant,Electronics,Seat,831.68,50.5,Hall-Foster,426,SUPP005
PROD0259,Rock Identify,Beauty,Him,763.18,422.98,Rogers Group,171,SUPP080
PROD0260,Today Agree,Sports,Behind,303.89,301.99,Cooper Ltd,339,SUPP072
PROD0261,Order Ball,Electronics,Exactly,985.43,500.23,Sharp-Ross,123,SUPP053
PROD0262,Former Sea,Beauty,Ahead,189.9,110.53,May-Rogers,151,SUPP059
PROD0263,Indicate Fine,Home & Kitchen,Red,580.62,411.86,Taylor-Villa,201,SUPP005
PROD0264,Newspaper Trade,Home & Kitchen,Focus,869.86,628.45,Robinson PLC,84,SUPP012
PROD0265,Look Study,Electronics,Cultural,65.31,61.78,"Boyd, Mclaughlin and Guzman",477,SUPP095
PROD0266,Effect Deep,Electronics,Team,344.93,187.13,Jennings-Smith,398,SUPP039
PROD0267,Position Green,Clothing,Time,635.33,7.12,"Stewart, Stephens and Merritt",378,SUPP063
PROD0268,Fly Ground,Clothing,Culture,22.9,5.36,Kennedy-Nunez,370,SUPP037
PROD0269,Marriage Everybody,Books,Gun,584.49,330.41,"Newton, Baird and Lamb",215,SUPP066
PROD0270,Catch Manager,Sports,Operation,747.82,19.34,Becker-Skinner,299,SUPP031
PROD0271,Young Store,Beauty,Election,193.28,107.75,Aguirre-Brewer,33,SUPP046
PROD0272,Similar Argue,Books,Technology,803.03,694.19,"Klein, Mccarthy and Monroe",454,SUPP019
PROD0273,Trouble Nature,Electronics,During,518.72,347.72,"Martin, Cox and Pacheco",237,SUPP047
PROD0274,Push However,Sports,Simply,658.28,173.27,Jordan Inc,369,SUPP044
PROD0275,Color Less,Beauty,Skin,607.77,32.29,"Cross, Barnes and Rose",272,SUPP092
PROD0276,Type Often,Electronics,Reduce,384.06,115.3,Gonzalez Ltd,94,SUPP058
PROD0277,Then Want,Beauty,Return,592.97,258.48,"Warren, Fox and Parrish",290,SUPP030
PROD0278,Music Them,Home & Kitchen,Develop,218.09,97.02,Martin-Norris,435,SUPP007
PROD0279,Final Job,Home & Kitchen,Require,977.81,931.45,Stone LLC,212,SUPP042
PROD0280,Plan Market,Sports,Account,62.79,11.93,Moore Group,405,SUPP060
PROD0281,Build Whatever,Clothing,Day,590.35,372.45,White-Riley,102,SUPP045
PROD0282,Sign Even,Home & Kitchen,Buy,102.74,47.4,Bender Group,295,SUPP006
PROD0283,Other Traditional,Clothing,Ability,466.16,461.56,"Cox, Roberts and Andrews",287,SUPP044
PROD0284,Life General,Beauty,Health,890.71,732.65,Delacruz and Sons,298,SUPP085
PROD0285,Which Opportunity,Sports,Continue,746.44,268.71,"Smith, Freeman and Miller",224,SUPP050
PROD0286,Month Commercial,Beauty,Recognize,952.3,705.98,Warren-Gates,454,SUPP070
PROD0287,Black Both,Clothing,Total,566.71,91.41,Melton and Sons,375,SUPP079
PROD0288,Attorney Difference,Sports,Network,448.8,419.54,Sullivan Group,117,SUPP083
PROD0289,Cold These,Sports,Even,513.58,398.21,Griffin Inc,212,SUPP062
PROD0290,Once Food,Home & Kitchen,Month,19.44,14.22,Porter Group,477,SUPP029
PROD0291,Movement Relationship,Home & Kitchen,Audience,271.95,132.71,Lopez and Sons,336,SUPP029
PROD0292,Receive Good,Home & Kitchen,Decide,608.53,476.94,"Mcmillan, Harrison and Ellis",273,SUPP041
PROD0293,Throw Though,Books,Act,813.28,344.85,Henderson-Newton,455,SUPP026
PROD0294,Join Oil,Clothing,Begin,858.64,608.88,Harper-Hamilton,228,SUPP038
PROD0295,Painting Sort,Beauty,Evidence,909.25,568.31,"Macias, Jackson and Lambert",280,SUPP064
PROD0296,Traditional Tree,Books,Four,526.13,13.79,Woods-Byrd,139,SUPP045
PROD0297,Exist Factor,Electronics,Final,514.57,158.44,Flynn-Nunez,151,SUPP072
PROD0298,Picture Tv,Electronics,But,709.14,437.13,"Hodge, Barron and Lynch",262,SUPP061
PROD0299,Hear Sign,Home & Kitchen,Save,356.54,276.42,"Aguilar, Mckinney and Martin",291,SUPP053
PROD0300,Control Whether,Clothing,More,553.53,160.27,"Swanson, Hill and Osborn",211,SUPP080
PROD0301,Vote Strong,Clothing,Stock,520.28,199.37,Mullins-Steele,329,SUPP096
PROD0302,Difference Before,Sports,Dark,507.96,274.63,Vaughn-Perez,53,SUPP049
PROD0303,Role Science,Sports,Store,608.58,174.69,Hernandez and Sons,124,SUPP032
PROD0304,About Teach,Beauty,Compare,713.36,237.26,Carter-Hunt,24,SUPP040
PROD0305,Chair Blue,Beauty,Rather,70.1,9.59,"Turner, Scott and Stanton",99,SUPP046
PROD0306,Citizen Boy,Sports,Institution,253.88,146.21,Garcia-Mclaughlin,414,SUPP097
PROD0307,Pm Brother,Beauty,Behind,583.4,456.31,"Johnson, Mercer and Murphy",80,SUPP097
PROD0308,Remember Recent,Books,Example,86.3,36.2,Vasquez PLC,444,SUPP016
PROD0309,Table Treatment,Home & Kitchen,Class,314.05,82.62,Wilson LLC,346,SUPP011
PROD0310,Camera Ability,Clothing,Serious,23.3,7.67,"Harris, Garcia and Zhang",50,SUPP099
PROD0311,Us Home,Home & Kitchen,Six,767.73,608.0,Rodriguez Ltd,436,SUPP071
PROD0312,Purpose Exist,Clothing,Particular,499.23,481.94,Meyer Ltd,118,SUPP068
PROD0313,Break Food,Home & Kitchen,Friend,965.43,78.92,"Farmer, Rhodes and Phillips",345,SUPP017
PROD0314,Identify Community,Sports,Book,103.71,72.04,Hood Ltd,467,SUPP065
PROD0315,Allow Sell,Books,Hand,984.29,921.86,Hughes-Olson,34,SUPP072
PROD0316,Family Bag,Sports,Action,107.12,37.37,Baker Inc,204,SUPP098
PROD0317,Deal Should,Home & Kitchen,Analysis,683.32,185.04,Miller-Bush,24,SUPP076
PROD0318,Face Mean,Electronics,Where,998.36,28.69,"Barrera, Hardy and Arroyo",303,SUPP018
PROD0319,Benefit Participant,Electronics,Maintain,234.95,82.9,"Ali, Sutton and Perez",199,SUPP027
PROD0320,Apply Indeed,Clothing,All,144.29,75.74,Blake LLC,73,SUPP073
PROD0321,Result Will,Electronics,Agency,592.07,110.97,Garrett-Burns,184,SUPP060
PROD0322,West Much,Beauty,Maintain,906.19,223.95,"Peterson, Hernandez and Carney",175,SUPP025
PROD0323,Under Administration,Home & Kitchen,Goal,528.15,480.92,Morrison PLC,185,SUPP096
PROD0324,Husband Paper,Electronics,Eat,352.91,93.98,"Lewis, Mann and Moore",429,SUPP036
PROD0325,Western Skin,Books,Position,321.42,156.55,Baker Ltd,251,SUPP016
PROD0326,Year Fill,Beauty,Million,484.03,99.38,Ellis and Sons,385,SUPP095
PROD0327,Save More,Books,No,338.96,119.43,Chan and Sons,298,SUPP027
PROD0328,Develop Easy,Beauty,Possible,979.89,140.03,"Roberts, Spears and Robinson",98,SUPP002
PROD0329,Level Above,Clothing,Church,137.43,117.66,"Young, Cochran and Lowe",148,SUPP025
PROD0330,Well Machine,Clothing,American,244.22,90.05,"George, White and Green",340,SUPP077
PROD0331,Government Her,Beauty,Actually,933.46,216.53,"Clements, Johnson and Bennett",337,SUPP035
PROD0332,Machine Station,Home & Kitchen,Six,921.03,69.14,Lloyd-Moore,421,SUPP034
PROD0333,Fund Crime,Beauty,Decision,174.31,74.27,Kline-Valdez,337,SUPP013
PROD0334,Heart Soldier,Sports,Each,47.04,43.59,"Fields, Barker and Cabrera",438,SUPP077
PROD0335,Young Material,Beauty,Issue,785.86,464.47,"Young, Randolph and Grant",36,SUPP039
PROD0336,Everyone Since,Beauty,Alone,355.95,74.06,"Booth, Woods and Davidson",400,SUPP080
PROD0337,Future Environment,Books,Others,118.81,97.36,"Ray, Brown and Walker",323,SUPP006
PROD0338,There Body,Home & Kitchen,Most,154.6,119.83,Mcguire Group,32,SUPP012
PROD0339,Fast Movie,Home & Kitchen,Way,853.87,456.45,Webb Group,87,SUPP051
PROD0340,Everyone Hit,Home & Kitchen,Store,276.2,234.34,Luna-Perkins,384,SUPP068
PROD0341,Relate Concern,Books,Thus,379.92,242.62,Simpson Inc,76,SUPP077
PROD0342,Either Degree,Beauty,Technology,712.32,673.26,Rivas-Lara,186,SUPP082
PROD0343,Soon Small,Books,Increase,286.73,100.78,Mahoney and Sons,17,SUPP015
PROD0344,Attention Off,Clothing,Property,677.33,440.83,Brady PLC,277,SUPP067
PROD0345,Blue Well,Books,Including,796.37,283.4,Shaw-Davis,307,SUPP032
PROD0346,If Strategy,Sports,Feel,759.1,71.59,Hayes-Powell,114,SUPP058
PROD0347,Red Ever,Electronics,Also,169.97,34.49,Fitzgerald Ltd,65,SUPP099
PROD0348,Item Red,Electronics,Today,390.6,299.21,Villa PLC,314,SUPP059
PROD0349,Couple West,Books,Building,904.34,240.06,Wheeler LLC,124,SUPP071
PROD0350,Successful Then,Beauty,Particularly,28.0,11.54,"Farley, Jones and Glass",68,SUPP058
PROD0351,Whole Management,Clothing,Play,113.58,6.09,Hall LLC,42,SUPP074
PROD0352,Indicate Yeah,Home & Kitchen,Since,217.27,17.02,Brown-Simmons,105,SUPP055
PROD0353,Anyone Student,Sports,I,726.42,35.6,Thompson and Sons,338,SUPP023
PROD0354,Recognize Because,Books,Either,284.09,54.8,"Brown, Martinez and Hamilton",133,SUPP082
PROD0355,Thus Cost,Sports,Live,791.37,378.38,Ferguson-Ellis,492,SUPP056
PROD0356,Oil Bad,Home & Kitchen,Leg,417.52,190.14,"Hill, Boyer and Andrews",31,SUPP071
PROD0357,Suffer Goal,Electronics,North,564.93,299.68,Walsh Group,203,SUPP074
PROD0358,Building Many,Clothing,Partner,662.42,434.33,"Martinez, Carter and Cruz",244,SUPP083
PROD0359,Short Investment,Books,Word,530.32,419.96,Harrison LLC,497,SUPP044
PROD0360,Can Child,Electronics,Bill,444.92,259.31,Johnson-Long,104,SUPP089
PROD0361,Change Through,Books,Environmental,605.69,588.79,Bell Ltd,428,SUPP063
PROD0362,Economic Window,Clothing,Goal,786.54,251.26,Black LLC,234,SUPP091
PROD0363,Heart The,Books,Large,964.25,752.3,"Thomas, Martinez and Jefferson",60,SUPP058
PROD0364,Artist Together,Clothing,Candidate,544.4,208.38,Wagner-Flowers,178,SUPP003
PROD0365,System New,Beauty,Return,177.53,155.07,"Jones, Brewer and Baker",112,SUPP055
PROD0366,Other Real,Sports,Table,130.13,18.74,Oneill Inc,52,SUPP056
PROD0367,Option Computer,Books,Yet,173.47,107.69,Mcdonald-Mckay,29,SUPP062
PROD0368,Force Discover,Beauty,Example,790.4,325.87,Morris LLC,69,SUPP074
PROD0369,Nice Billion,Sports,Live,113.81,98.84,"Weeks, Welch and Watts",42,SUPP015
PROD0370,Behind Miss,Electronics,Dark,945.71,485.69,Cox-James,276,SUPP062
PROD0371,Discussion Gun,Clothing,Large,112.46,49.16,Rodriguez-Gordon,361,SUPP013
PROD0372,Church Knowledge,Books,Six,567.75,463.07,James LLC,169,SUPP074
PROD0373,Rule Want,Books,Live,335.8,43.63,White-Frederick,487,SUPP001
PROD0374,So Reality,Electronics,Term,882.08,155.81,Miller-Baker,228,SUPP088
PROD0375,Foot House,Books,Ready,608.3,201.76,"Daniels, Harrison and Mullins",129,SUPP090
PROD0376,These Everyone,Clothing,Task,384.31,353.9,"Lee, Payne and Miller",201,SUPP031
PROD0377,International College,Sports,Perhaps,258.11,141.53,"Sharp, Carter and Murphy",121,SUPP059
PROD0378,Oil Push,Home & Kitchen,Body,904.99,768.53,"Parks, Carpenter and Morales",41,SUPP018
PROD0379,Southern Fact,Electronics,Style,907.06,537.4,"Smith, Harris and Walters",16,SUPP024
PROD0380,Back House,Books,Certainly,291.69,23.82,"Benson, Campbell and Bryant",427,SUPP008
PROD0381,Relationship Understand,Books,Image,145.11,76.06,Casey-Cruz,263,SUPP098
PROD0382,Strategy Enter,Clothing,Around,287.94,144.19,"Taylor, Harris and Brown",298,SUPP071
PROD0383,Fill Provide,Books,Know,68.47,64.28,Hall-Hoover,233,SUPP023
PROD0384,Structure Which,Electronics,Art,280.02,200.83,Dunn-Price,163,SUPP006
PROD0385,Manager Can,Home & Kitchen,Relationship,319.77,317.6,Hernandez-Vance,28,SUPP028
PROD0386,Again Exactly,Beauty,Call,385.56,241.22,"Mills, Fitzpatrick and Gallegos",62,SUPP046
PROD0387,Subject Main,Beauty,Board,130.42,125.79,Reed-Henry,22,SUPP050
PROD0388,Up Third,Clothing,Enjoy,341.85,273.05,Gutierrez Group,316,SUPP034
PROD0389,Successful Wish,Electronics,Capital,837.94,771.16,"Pearson, Wilson and Barnes",78,SUPP042
PROD0390,Book Action,Beauty,Sit,830.71,509.11,"Jordan, Fletcher and Hill",178,SUPP065
PROD0391,Control Point,Books,Edge,862.14,471.39,Oliver and Sons,320,SUPP006
PROD0392,Feeling Kitchen,Home & Kitchen,Reveal,360.76,93.81,"Bean, Summers and Pena",152,SUPP066
PROD0393,Just Security,Clothing,Beat,274.39,213.88,Shaffer-Kelly,363,SUPP075
PROD0394,Environment Religious,Clothing,Cultural,985.17,354.4,Leach-Smith,315,SUPP056
PROD0395,Necessary Language,Electronics,Together,19.28,12.91,Sandoval Ltd,470,SUPP071
PROD0396,Two Field,Books,Page,321.65,101.65,Gray-Gilbert,59,SUPP075
PROD0397,Material There,Books,Mouth,742.04,672.94,"Cochran, Hill and Cortez",259,SUPP035
PROD0398,Job Account,Clothing,Need,266.54,183.02,"Ramos, Barrett and Gardner",181,SUPP037
PROD0399,Popular Operation,Beauty,Per,483.46,324.31,"Williamson, Klein and Greer",32,SUPP078
PROD0400,Executive Another,Beauty,Difference,344.68,251.75,"Ingram, Lee and Wiggins",37,SUPP099
PROD0401,Into Hold,Beauty,Help,60.82,42.01,Morgan-Alvarez,411,SUPP018
PROD0402,But Give,Books,Letter,625.74,555.86,Gibson-Harvey,177,SUPP077
PROD0403,Body Catch,Books,Allow,266.62,163.15,Vaughan-Hernandez,365,SUPP023
PROD0404,Car Fill,Beauty,Teacher,11.63,7.37,Evans Group,169,SUPP066
PROD0405,Yourself Mr,Sports,Meeting,480.55,108.93,"Allison, Terry and Bentley",230,SUPP099
PROD0406,Personal Evening,Electronics,Fine,736.68,715.16,Miller-Porter,278,SUPP039
PROD0407,Want Hit,Beauty,Memory,196.07,57.87,Clark-Bond,459,SUPP097
PROD0408,Daughter Where,Sports,Safe,213.12,11.19,"Williams, Simmons and Carpenter",207,SUPP068
PROD0409,Along Price,Beauty,Attorney,290.45,193.32,Mercado Inc,69,SUPP006
PROD0410,Bit Ball,Books,Next,383.54,250.03,"Gomez, Gilbert and Pacheco",354,SUPP091
PROD0411,Save Officer,Beauty,Serve,949.57,679.63,"Pace, Love and Williams",207,SUPP045
PROD0412,Turn Sure,Clothing,Argue,298.81,285.21,Hayden-Bishop,200,SUPP030
PROD0413,Meet Picture,Sports,Term,403.25,295.31,"Kennedy, Valenzuela and Bender",206,SUPP060
PROD0414,Brother Fight,Home & Kitchen,Measure,118.83,6.48,Mills Ltd,235,SUPP097
PROD0415,Heart But,Sports,Church,297.62,111.75,Obrien and Sons,214,SUPP014
PROD0416,Well Authority,Home & Kitchen,Hit,690.86,635.74,"Arias, Thomas and Maldonado",355,SUPP094
PROD0417,Not Economy,Electronics,Mind,430.73,119.03,"Russell, Barton and Franklin",157,SUPP025
PROD0418,Fear Image,Electronics,Candidate,571.24,57.56,"Gay, Arellano and Douglas",130,SUPP049
PROD0419,Major Police,Electronics,Necessary,941.37,29.61,Price-Lopez,310,SUPP042
PROD0420,Later Majority,Electronics,True,335.06,13.65,Howell-Freeman,46,SUPP018
PROD0421,Like Name,Books,Seem,285.61,167.88,"Smith, Smith and Hansen",130,SUPP046
PROD0422,Dark Time,Home & Kitchen,Left,445.23,405.91,Weber LLC,356,SUPP006
PROD0423,Old As,Clothing,Notice,342.61,154.06,Kane PLC,195,SUPP041
PROD0424,Here Individual,Beauty,Sea,383.56,209.54,Reed-Conley,155,SUPP083
PROD0425,Road Behind,Clothing,Occur,935.74,214.69,"Johnson, Henderson and Lewis",269,SUPP087
PROD0426,Information Doctor,Clothing,Perhaps,496.07,358.44,Green-Mclaughlin,91,SUPP097
PROD0427,Middle Night,Electronics,Game,426.03,181.41,Strong-Walker,317,SUPP003
PROD0428,Senior Manage,Electronics,Live,12.17,7.73,Anderson-Smith,98,SUPP029
PROD0429,Book May,Books,Interesting,748.08,460.98,"Lee, Jensen and Perry",495,SUPP053
PROD0430,Religious Scientist,Home & Kitchen,Watch,242.74,217.44,Alvarez and Sons,277,SUPP047
PROD0431,Public Movie,Beauty,Month,308.25,157.1,Gross LLC,121,SUPP064
PROD0432,Memory None,Clothing,Couple,987.79,35.57,Bush-Green,60,SUPP040
PROD0433,Easy Congress,Home & Kitchen,Democrat,891.71,71.25,Payne and Sons,10,SUPP007
PROD0434,Sign First,Beauty,Vote,526.52,507.08,Hudson PLC,443,SUPP058
PROD0435,May Back,Clothing,Project,295.42,27.85,"Davis, Hess and Cook",63,SUPP072
PROD0436,Feeling Sometimes,Electronics,North,787.64,203.88,"Cook, Bass and Davis",337,SUPP041
PROD0437,Say Around,Sports,Represent,473.06,6.58,"Freeman, Sutton and Chambers",171,SUPP056
PROD0438,Enjoy Great,Clothing,Religious,560.9,152.37,Mcclain-Marshall,211,SUPP093
PROD0439,Trade Alone,Home & Kitchen,Language,989.44,930.13,Allen-Miller,483,SUPP076
PROD0440,Democratic Always,Books,Sit,533.04,138.13,"Curry, Lamb and Dixon",215,SUPP032
PROD0441,Require Store,Home & Kitchen,Measure,488.36,167.0,Foster-Ellis,206,SUPP070
PROD0442,Financial Their,Sports,Father,778.08,144.15,Morris-Patton,374,SUPP015
PROD0443,Edge Hundred,Sports,Sell,665.78,357.61,Simpson LLC,183,SUPP010
PROD0444,Get Kid,Books,Heavy,767.83,640.66,"Neal, Schwartz and Peters",383,SUPP076
PROD0445,Others Myself,Electronics,Fly,482.97,110.34,Williams PLC,38,SUPP046
PROD0446,Fire Special,Home & Kitchen,Board,839.99,817.5,Chavez PLC,35,SUPP097
PROD0447,Realize Pm,Electronics,Allow,758.49,299.32,Mann Group,400,SUPP092
PROD0448,While Condition,Books,Too,646.64,533.46,Johnson-Johnson,432,SUPP021
PROD0449,Goal Inside,Clothing,Process,723.35,322.54,Gibson Inc,226,SUPP042
PROD0450,Although Resource,Home & Kitchen,Report,426.08,255.51,Perry-Nichols,268,SUPP050
PROD0451,Great Example,Beauty,Appear,184.57,101.89,Bates Ltd,351,SUPP041
PROD0452,Family Open,Electronics,Including,826.46,436.49,Fisher-Rodriguez,303,SUPP095
PROD0453,Building Thought,Electronics,Knowledge,888.1,463.0,Joseph Inc,158,SUPP041
PROD0454,Church Happy,Sports,Add,945.44,815.5,"Bailey, Pratt and Brown",327,SUPP096
PROD0455,During Defense,Books,Build,774.04,577.67,Ramirez-Brown,323,SUPP100
PROD0456,That Theory,Home & Kitchen,Central,802.21,757.07,Richards and Sons,473,SUPP068
PROD0457,Talk Little,Books,Research,942.47,671.65,Johnson PLC,40,SUPP015
PROD0458,Whole Show,Books,Alone,132.81,55.68,Daniels-Schultz,182,SUPP052
PROD0459,Citizen Play,Electronics,System,647.25,223.72,Price-White,286,SUPP089
PROD0460,Buy Black,Clothing,The,300.07,37.56,"Ward, Lee and Matthews",59,SUPP062
PROD0461,Sometimes Society,Books,Talk,872.55,665.34,"Patel, Chavez and Nichols",466,SUPP006
PROD0462,Reality Teach,Sports,Politics,595.47,112.83,Gates LLC,69,SUPP011
PROD0463,What Air,Sports,Girl,556.92,229.44,Stevenson-Lawson,428,SUPP051
PROD0464,War Risk,Clothing,Political,417.14,298.43,"Combs, Davis and Jones",119,SUPP063
PROD0465,Inside Open,Electronics,Remain,232.14,86.01,Gardner Ltd,332,SUPP058
PROD0466,President I,Electronics,Party,736.89,381.32,Mccoy LLC,20,SUPP092
PROD0467,Forward Consider,Sports,Cover,477.42,431.88,Nguyen Inc,117,SUPP045
PROD0468,Easy Wrong,Beauty,Full,556.51,309.71,Sawyer-Santiago,252,SUPP045
PROD0469,Account Sign,Clothing,Voice,458.89,46.36,"Meyers, Padilla and King",113,SUPP001
PROD0470,Huge Know,Books,Order,710.9,487.36,Rosales PLC,299,SUPP015
PROD0471,Increase Deep,Clothing,Evidence,834.81,153.33,Mcclure-Martin,488,SUPP041
PROD0472,Develop Final,Books,Reduce,618.74,553.46,"Lopez, Jones and Guzman",75,SUPP093
PROD0473,Next Democratic,Home & Kitchen,Economy,819.85,375.49,Perez-Williams,119,SUPP052
PROD0474,Tend Take,Beauty,Rich,416.08,370.92,Brooks PLC,277,SUPP087
PROD0475,Debate Stand,Sports,Standard,16.9,10.62,Griffin-Martinez,133,SUPP067
PROD0476,Continue Thing,Books,Spend,615.75,276.88,"Gonzalez, Glover and Paul",400,SUPP039
PROD0477,Southern Administration,Electronics,Scene,720.36,306.42,Beard and Sons,332,SUPP062
PROD0478,Challenge Matter,Electronics,Where,753.51,123.03,Lopez Inc,133,SUPP044
PROD0479,Laugh Our,Sports,Another,469.22,197.62,"Rangel, Burton and Brown",477,SUPP077
PROD0480,Media Relate,Beauty,Really,233.37,194.65,"Phillips, Martin and Schmidt",406,SUPP084
PROD0481,Run Agency,Beauty,Subject,18.16,14.16,Miller-Booker,46,SUPP086
PROD0482,Miss Product,Books,Operation,478.95,293.88,Stark Ltd,188,SUPP084
PROD0483,Grow Cover,Beauty,Yourself,278.51,64.91,Patterson-Calderon,388,SUPP017
PROD0484,Explain Recognize,Home & Kitchen,Include,324.55,143.96,Adams-Woods,309,SUPP069
PROD0485,Himself Consider,Home & Kitchen,Executive,342.1,256.67,Jones LLC,483,SUPP080
PROD0486,Energy Ball,Electronics,Officer,763.68,531.92,"Williams, Williams and Ibarra",71,SUPP005
PROD0487,Blood Among,Home & Kitchen,Represent,231.32,163.5,Ramos LLC,384,SUPP092
PROD0488,Will Improve,Electronics,Color,920.45,65.8,"Callahan, Pena and Faulkner",42,SUPP090
PROD0489,Clearly Measure,Beauty,Tv,285.02,45.01,Lewis Inc,137,SUPP050
PROD0490,Brother Because,Home & Kitchen,One,685.99,629.9,Blair PLC,414,SUPP001
PROD0491,Sing Under,Electronics,Drug,140.28,133.13,Jackson Ltd,226,SUPP099
PROD0492,Else Behind,Books,Air,198.97,109.51,"Nicholson, Daniel and Mata",21,SUPP081
PROD0493,Dream Enjoy,Home & Kitchen,Nice,868.66,726.14,Hinton LLC,60,SUPP009
PROD0494,First Sea,Electronics,Decision,624.18,49.34,Cooper-Brown,286,SUPP084
PROD0495,Government Theory,Clothing,Learn,20.34,17.46,"Davidson, Brown and House",237,SUPP089
PROD0496,Open Seat,Electronics,Report,567.33,46.72,Cooper-Harper,167,SUPP003
PROD0497,American Your,Electronics,Product,654.03,128.78,Barr Group,470,SUPP099
PROD0498,Begin Choose,Home & Kitchen,Management,236.93,32.9,Young-Brown,313,SUPP030
PROD0499,Traditional Another,Home & Kitchen,Own,642.02,385.72,"Wallace, Vang and Oliver",33,SUPP066
PROD0500,Agent Window,Clothing,Worry,580.57,487.11,Evans-Morales,113,SUPP019
